parametro,valor
imputer_strategy,0.3745401188473625
knn_imputer,0.9507143064099162
knn_imputer_k,5.92797576724562
model_C,0.5986624976121946
model_alpha,0.15602708025603212
model_batch_size,6.935967122017216
model_hidden_layer_size_exp,5.116167224336399
model_lr_init,0.8661895281603577
model_max_iter,340.4460046972835
model_penalty,0.7080725777960455
model_pos_class_weight,3.0378649352844422
model_solver,0.9699098521619943
pca_components,8.659541126403374
scaler_choice,0.21233911067827616
