parametro,count,mean,std,min,25%,50%,75%,max
radian,17264.0,3.0622976467083203,1.8255869885906753,0.0,1.3089969389957472,3.141592653589793,4.71238898038469,6.021385919380437
is_prime,17264.0,0.13253012048192772,0.33907601996783915,0.0,0.0,0.0,0.0,1.0
dia_semana,17264.0,3.0011005560704356,1.9668953875702926,0.0,1.0,3.0,5.0,6.0
dia_mes,17264.0,16.065975440222427,8.382723238253844,2.0,9.0,16.0,23.0,30.0
monto_neto,17264.0,475.1573944494906,277.774392833792,0.0137035899999999,234.38669567325,471.5205879825,713.51223416625,989.811138789
pct_cupo,17264.0,0.009278456063523975,0.007036930109507047,6.179468928571428e-07,0.0039245017941809505,0.007910996302971901,0.0126613861272893,0.039855738948
